{
	"class_name" : "PinholeCameraParameters",
	"extrinsic" : 
	[
		0.99405004228780958,
		-0.098587141854151863,
		0.0463151043249748,
		0.0,
		-0.074776289899638845,
		-0.30847033117125006,
		0.94829033594988443,
		0.0,
		-0.079202398299856591,
		-0.94611132021984012,
		-0.31400692644497857,
		0.0,
		-0.84449746248853186,
		0.71552780419665174,
		1.6597699035185225,
		1.0
	],
	"intrinsic" : 
	{
		"height" : 1061,
		"intrinsic_matrix" : 
		[
			918.85295341528945,
			0.0,
			0.0,
			0.0,
			918.85295341528945,
			0.0,
			959.5,
			530.0,
			1.0
		],
		"width" : 1920
	},
	"version_major" : 1,
	"version_minor" : 0
}